{"cameraMode":{"drawMode":0,"name":"Shaded","section":"Shading Mode"},"sceneLighting":false,"audioPlay":false,"sceneViewState":{"m_AlwaysRefresh":false,"showFog":true,"showSkybox":false,"showFlares":true,"showImageEffects":true,"showParticleSystems":true,"showVisualEffectGraphs":true,"m_FxEnabled":true},"in2DMode":false,"pivot":{"x":0.04047432169318199,"y":-0.055414557456970218,"z":-0.029705621302127839},"rotation":{"x":0.6789928078651428,"y":-0.0033036519307643177,"z":0.003055509412661195,"w":0.7341327667236328},"size":0.44380614161491396,"orthographic":true}