{"cameraMode":{"drawMode":0,"name":"Shaded","section":"Shading Mode"},"sceneLighting":true,"audioPlay":false,"sceneViewState":{"m_AlwaysRefresh":false,"showFog":true,"showSkybox":false,"showFlares":true,"showImageEffects":true,"showParticleSystems":true,"showVisualEffectGraphs":true,"m_FxEnabled":true},"in2DMode":false,"pivot":{"x":-1.1444941759109498,"y":1.0919554233551026,"z":-0.28363037109375},"rotation":{"x":0.20404557883739472,"y":0.010278894565999508,"z":-0.002142557641491294,"w":0.9789058566093445},"size":2.859668254852295,"orthographic":false}