{"cameraMode":{"drawMode":0,"name":"Shaded","section":"Shading Mode"},"sceneLighting":true,"audioPlay":false,"sceneViewState":{"m_AlwaysRefresh":false,"showFog":true,"showSkybox":false,"showFlares":true,"showImageEffects":true,"showParticleSystems":true,"showVisualEffectGraphs":true,"m_FxEnabled":true},"in2DMode":false,"pivot":{"x":0.06622099876403809,"y":6.275385856628418,"z":0.7480154037475586},"rotation":{"x":-0.2645120918750763,"y":0.15881960093975068,"z":-0.044207122176885608,"w":-0.950203537940979},"size":7.519770622253418,"orthographic":false}