{"cameraMode":{"drawMode":0,"name":"Shaded","section":"Shading Mode"},"sceneLighting":true,"audioPlay":false,"sceneViewState":{"m_AlwaysRefresh":false,"showFog":true,"showSkybox":false,"showFlares":true,"showImageEffects":true,"showParticleSystems":true,"showVisualEffectGraphs":true,"m_FxEnabled":true},"in2DMode":false,"pivot":{"x":-0.6366110444068909,"y":-0.14498615264892579,"z":0.14570949971675874},"rotation":{"x":0.05247803032398224,"y":0.011983814649283886,"z":-0.0006369614857248962,"w":0.9986156225204468},"size":2.134199619293213,"orthographic":false}