{"cameraMode":{"drawMode":0,"name":"Shaded","section":"Shading Mode"},"sceneLighting":true,"audioPlay":false,"sceneViewState":{"m_AlwaysRefresh":false,"showFog":true,"showSkybox":false,"showFlares":true,"showImageEffects":true,"showParticleSystems":true,"showVisualEffectGraphs":true,"m_FxEnabled":true},"in2DMode":false,"pivot":{"x":-0.9691489934921265,"y":1.4325370788574219,"z":-2.339642286300659},"rotation":{"x":0.17738650739192964,"y":0.042795807123184207,"z":-0.007721905130892992,"w":0.9831834435462952},"size":2.5473453998565676,"orthographic":false}