{"cameraMode":{"drawMode":0,"name":"Shaded","section":"Shading Mode"},"sceneLighting":true,"audioPlay":false,"sceneViewState":{"m_AlwaysRefresh":false,"showFog":true,"showSkybox":false,"showFlares":true,"showImageEffects":true,"showParticleSystems":true,"showVisualEffectGraphs":true,"m_FxEnabled":true},"in2DMode":false,"pivot":{"x":-0.8571839928627014,"y":1.956453561782837,"z":-2.140561103820801},"rotation":{"x":-0.14328782260417939,"y":0.054310668259859088,"z":-0.007876269519329071,"w":-0.9881708025932312},"size":1.2115124464035035,"orthographic":false}