{"cameraMode":{"drawMode":0,"name":"Shaded","section":"Shading Mode"},"sceneLighting":true,"audioPlay":false,"sceneViewState":{"m_AlwaysRefresh":false,"showFog":true,"showSkybox":false,"showFlares":true,"showImageEffects":true,"showParticleSystems":true,"showVisualEffectGraphs":true,"m_FxEnabled":true},"in2DMode":false,"pivot":{"x":1.1634831428527833,"y":-2.378194808959961,"z":0.2447497844696045},"rotation":{"x":0.5461807250976563,"y":0.05144346505403519,"z":-0.033636126667261127,"w":0.8354684710502625},"size":5.119781494140625,"orthographic":false}