{"cameraMode":{"drawMode":0,"name":"Shaded","section":"Shading Mode"},"sceneLighting":true,"audioPlay":false,"sceneViewState":{"m_AlwaysRefresh":false,"showFog":true,"showSkybox":false,"showFlares":true,"showImageEffects":true,"showParticleSystems":true,"showVisualEffectGraphs":true,"m_FxEnabled":true},"in2DMode":false,"pivot":{"x":-0.22032515704631806,"y":0.32932907342910769,"z":0.19513177871704102},"rotation":{"x":-0.11226369440555573,"y":0.0035884978715330364,"z":-0.0004008150426670909,"w":-0.9936880469322205},"size":1.9580894708633423,"orthographic":false}