{"cameraMode":{"drawMode":0,"name":"Shaded","section":"Shading Mode"},"sceneLighting":true,"audioPlay":false,"sceneViewState":{"m_AlwaysRefresh":false,"showFog":true,"showSkybox":false,"showFlares":true,"showImageEffects":true,"showParticleSystems":true,"showVisualEffectGraphs":true,"m_FxEnabled":true},"in2DMode":false,"pivot":{"x":1.8841326236724854,"y":-2.8556811809539797,"z":4.261719703674316},"rotation":{"x":0.23215551674365998,"y":-0.1452646553516388,"z":0.03508089482784271,"w":0.9611449241638184},"size":6.3865580558776859,"orthographic":false}