{"cameraMode":{"drawMode":0,"name":"Shaded","section":"Shading Mode"},"sceneLighting":true,"audioPlay":false,"sceneViewState":{"m_AlwaysRefresh":false,"showFog":true,"showSkybox":false,"showFlares":true,"showImageEffects":true,"showParticleSystems":true,"showVisualEffectGraphs":true,"m_FxEnabled":true},"in2DMode":false,"pivot":{"x":983.0472412109375,"y":543.0429077148438,"z":331.9735107421875},"rotation":{"x":0.04648284986615181,"y":0.007491320837289095,"z":-0.0003540020843502134,"w":0.998904824256897},"size":718.6434936523438,"orthographic":false}