{"cameraMode":{"drawMode":0,"name":"Shaded","section":"Shading Mode"},"sceneLighting":true,"audioPlay":false,"sceneViewState":{"m_AlwaysRefresh":false,"showFog":true,"showSkybox":false,"showFlares":true,"showImageEffects":true,"showParticleSystems":true,"showVisualEffectGraphs":true,"m_FxEnabled":true},"in2DMode":false,"pivot":{"x":-2.3722305297851564,"y":0.577674388885498,"z":-0.13054537773132325},"rotation":{"x":0.22723135352134705,"y":-0.046726878732442859,"z":0.010906169191002846,"w":0.9726694226264954},"size":3.142199993133545,"orthographic":false}