{"cameraMode":{"drawMode":0,"name":"Shaded","section":"Shading Mode"},"sceneLighting":true,"audioPlay":false,"sceneViewState":{"m_AlwaysRefresh":false,"showFog":true,"showSkybox":false,"showFlares":true,"showImageEffects":true,"showParticleSystems":true,"showVisualEffectGraphs":true,"m_FxEnabled":true},"in2DMode":false,"pivot":{"x":-2.493389844894409,"y":-0.8243124485015869,"z":-0.8382878303527832},"rotation":{"x":0.22723135352134705,"y":-0.046726878732442859,"z":0.010906169191002846,"w":0.9726694226264954},"size":2.0233497619628908,"orthographic":false}