{"cameraMode":{"drawMode":0,"name":"Shaded","section":"Shading Mode"},"sceneLighting":true,"audioPlay":false,"sceneViewState":{"m_AlwaysRefresh":false,"showFog":true,"showSkybox":false,"showFlares":true,"showImageEffects":true,"showParticleSystems":true,"showVisualEffectGraphs":true,"m_FxEnabled":true},"in2DMode":false,"pivot":{"x":0.2663869261741638,"y":-1.125702977180481,"z":-1.9392733573913575},"rotation":{"x":0.2273574024438858,"y":-0.03359098732471466,"z":0.007841711863875389,"w":0.9732100963592529},"size":1.4182608127593995,"orthographic":false}