{"cameraMode":{"drawMode":0,"name":"Shaded","section":"Shading Mode"},"sceneLighting":true,"audioPlay":false,"sceneViewState":{"m_AlwaysRefresh":false,"showFog":true,"showSkybox":false,"showFlares":true,"showImageEffects":true,"showParticleSystems":true,"showVisualEffectGraphs":true,"m_FxEnabled":true},"in2DMode":false,"pivot":{"x":0.024517446756362916,"y":-0.7572183609008789,"z":-0.13484859466552735},"rotation":{"x":0.44709426164627077,"y":-0.006715912837535143,"z":0.003339597722515464,"w":0.8945146799087524},"size":3.9736266136169435,"orthographic":false}