{"cameraMode":{"drawMode":0,"name":"Shaded","section":"Shading Mode"},"sceneLighting":true,"audioPlay":false,"sceneViewState":{"m_AlwaysRefresh":false,"showFog":true,"showSkybox":false,"showFlares":true,"showImageEffects":true,"showParticleSystems":true,"showVisualEffectGraphs":true,"m_FxEnabled":true},"in2DMode":false,"pivot":{"x":0.4454910457134247,"y":-0.17242634296417237,"z":0.4803123474121094},"rotation":{"x":0.6526661515235901,"y":-0.09796793758869171,"z":0.08565384894609451,"w":0.7463998198509216},"size":0.9234744310379028,"orthographic":false}