{"cameraMode":{"drawMode":0,"name":"Shaded","section":"Shading Mode"},"sceneLighting":true,"audioPlay":false,"sceneViewState":{"m_AlwaysRefresh":false,"showFog":true,"showSkybox":false,"showFlares":true,"showImageEffects":true,"showParticleSystems":true,"showVisualEffectGraphs":true,"m_FxEnabled":true},"in2DMode":false,"pivot":{"x":-1.8844012022018433,"y":0.05005073547363281,"z":-1.5814437866210938},"rotation":{"x":0.7238694429397583,"y":-0.002069782931357622,"z":0.0021716291084885599,"w":0.6899316906929016},"size":8.26895523071289,"orthographic":true}