{"cameraMode":{"drawMode":0,"name":"Shaded","section":"Shading Mode"},"sceneLighting":true,"audioPlay":false,"sceneViewState":{"m_AlwaysRefresh":false,"showFog":true,"showSkybox":false,"showFlares":true,"showImageEffects":true,"showParticleSystems":true,"showVisualEffectGraphs":true,"m_FxEnabled":true},"in2DMode":false,"pivot":{"x":0.14771628379821778,"y":-2.441422462463379,"z":6.551126480102539},"rotation":{"x":0.22893153131008149,"y":-0.017520014196634294,"z":0.004129303619265556,"w":0.9733436107635498},"size":6.839644432067871,"orthographic":false}