{"cameraMode":{"drawMode":0,"name":"Shaded","section":"Shading Mode"},"sceneLighting":true,"audioPlay":false,"sceneViewState":{"m_AlwaysRefresh":false,"showFog":true,"showSkybox":false,"showFlares":true,"showImageEffects":true,"showParticleSystems":true,"showVisualEffectGraphs":true,"m_FxEnabled":true},"in2DMode":false,"pivot":{"x":-0.20060282945632935,"y":-6.326482772827148,"z":5.6638288497924809},"rotation":{"x":0.3991532325744629,"y":0.04123760759830475,"z":-0.017988378182053567,"w":0.9158582091331482},"size":7.594685077667236,"orthographic":false}