{"cameraMode":{"drawMode":0,"name":"Shaded","section":"Shading Mode"},"sceneLighting":true,"audioPlay":false,"sceneViewState":{"m_AlwaysRefresh":false,"showFog":true,"showSkybox":false,"showFlares":true,"showImageEffects":true,"showParticleSystems":true,"showVisualEffectGraphs":true,"m_FxEnabled":true},"in2DMode":false,"pivot":{"x":-1.0090879201889039,"y":-1.9416756629943848,"z":1.5828521251678467},"rotation":{"x":0.4444184899330139,"y":0.004026987589895725,"z":-0.002008643001317978,"w":0.8958693742752075},"size":4.141635894775391,"orthographic":false}