{"cameraMode":{"drawMode":0,"name":"Shaded","section":"Shading Mode"},"sceneLighting":true,"audioPlay":false,"sceneViewState":{"m_AlwaysRefresh":false,"showFog":true,"showSkybox":false,"showFlares":true,"showImageEffects":true,"showParticleSystems":true,"showVisualEffectGraphs":true,"m_FxEnabled":true},"in2DMode":false,"pivot":{"x":1.1857357025146485,"y":-3.1362762451171877,"z":1.0029747486114503},"rotation":{"x":0.41050347685813906,"y":-0.009577390737831593,"z":0.004304904490709305,"w":0.9118670225143433},"size":3.723533868789673,"orthographic":false}