{"cameraMode":{"drawMode":0,"name":"Shaded","section":"Shading Mode"},"sceneLighting":true,"audioPlay":false,"sceneViewState":{"m_AlwaysRefresh":false,"showFog":true,"showSkybox":false,"showFlares":true,"showImageEffects":true,"showParticleSystems":true,"showVisualEffectGraphs":true,"m_FxEnabled":true},"in2DMode":false,"pivot":{"x":1.1477375030517579,"y":-0.6584482192993164,"z":-0.08682537078857422},"rotation":{"x":0.5411785244941711,"y":0.07670383900403977,"z":-0.04966440796852112,"w":0.836005687713623},"size":3.484037160873413,"orthographic":false}